SessionID,Category,Grammar_Element,HighLevelObject,FileType,Total_Object_Count,Count_Converted_LOC,Count_Not_Converted_LOC,Count_Conversion_Errors,Count_Parsing_Errors
332fb598-8008-4bf0-bdad-189f92dd9d6b,Comparison Operators and Functions,=,CREATE / REPLACE PROCEDURE,,3,3,0,0,0
332fb598-8008-4bf0-bdad-189f92dd9d6b,Comparison Operators and Functions,=,CREATE / REPLACE VIEW,SQL,4,7,0,0,0
332fb598-8008-4bf0-bdad-189f92dd9d6b,Comparison Operators and Functions,=,CREATE TABLE,SQL,2,2,0,0,0
332fb598-8008-4bf0-bdad-189f92dd9d6b,String Operators and Functions,||,CREATE TABLE,SQL,2,2,0,0,0
332fb598-8008-4bf0-bdad-189f92dd9d6b,String Operators and Functions,||,CREATE / REPLACE PROCEDURE,,14,14,0,0,0
332fb598-8008-4bf0-bdad-189f92dd9d6b,Procedure Statements,ABORT,CREATE / REPLACE PROCEDURE,,4,7,0,0,0
332fb598-8008-4bf0-bdad-189f92dd9d6b,Data Manipulation Language Statements,ACCESS,CREATE / REPLACE VIEW,SQL,2,0,2,0,0
332fb598-8008-4bf0-bdad-189f92dd9d6b,"SELECT statement syntax, options, clauses, modifiers",ALL,CREATE / REPLACE VIEW,SQL,3,0,3,0,0
332fb598-8008-4bf0-bdad-189f92dd9d6b,Function,avg,CREATE / REPLACE VIEW,SQL,7,7,0,0,0
332fb598-8008-4bf0-bdad-189f92dd9d6b,Function,BEGIN,CREATE / REPLACE VIEW,SQL,2,2,0,0,0
332fb598-8008-4bf0-bdad-189f92dd9d6b,Logical Predicates,BETWEEN / NOT BETWEEN,CREATE / REPLACE PROCEDURE,,1,1,0,0,0
332fb598-8008-4bf0-bdad-189f92dd9d6b,Data Manipulation Language Statements,CALL,CREATE / REPLACE PROCEDURE,,12,12,0,0,0
332fb598-8008-4bf0-bdad-189f92dd9d6b,Case Expressions,CASE,CREATE / REPLACE PROCEDURE,,2,10,0,0,0
332fb598-8008-4bf0-bdad-189f92dd9d6b,Uncategorized,CHAR,CREATE TABLE,SQL,15,15,0,0,0
332fb598-8008-4bf0-bdad-189f92dd9d6b,Data Definition Statements,CHARACTER SET,CREATE / REPLACE PROCEDURE,SQL,1,1,0,0,0
332fb598-8008-4bf0-bdad-189f92dd9d6b,Data Definition Statements,CHARACTER SET,CREATE TABLE,SQL,140,140,0,0,0
332fb598-8008-4bf0-bdad-189f92dd9d6b,Data Definition Statements,CHECK,CREATE TABLE,SQL,6,6,0,0,0
332fb598-8008-4bf0-bdad-189f92dd9d6b,Data Definition Statements,CHECKSUM,CREATE TABLE,SQL,36,36,0,0,0
332fb598-8008-4bf0-bdad-189f92dd9d6b,Data Definition Statements,CHECKSUM,CREATE TABLE,BTEQ,1,1,0,0,0
332fb598-8008-4bf0-bdad-189f92dd9d6b,Data Definition Statements,COMPRESS,CREATE TABLE,SQL,28,28,0,0,0
332fb598-8008-4bf0-bdad-189f92dd9d6b,Procedure statements,CREATE / REPLACE PROCEDURE,CREATE / REPLACE PROCEDURE,SQL,7,190,0,0,0
332fb598-8008-4bf0-bdad-189f92dd9d6b,Data Definition Statements,CREATE / REPLACE VIEW,CREATE / REPLACE VIEW,SQL,12,123,0,0,0
332fb598-8008-4bf0-bdad-189f92dd9d6b,Data Definition Statements,CREATE MACRO,CREATE MACRO,SQL,2,16,0,0,0
332fb598-8008-4bf0-bdad-189f92dd9d6b,Data Definition Statements,CREATE MULTISET TABLE,CREATE TABLE,BTEQ,1,1,0,0,0
332fb598-8008-4bf0-bdad-189f92dd9d6b,Data Definition Statements,CREATE MULTISET TABLE,CREATE TABLE,SQL,10,10,0,0,0
332fb598-8008-4bf0-bdad-189f92dd9d6b,Data Definition Statements,CREATE SET TABLE,CREATE TABLE,SQL,26,26,0,0,0
332fb598-8008-4bf0-bdad-189f92dd9d6b,Table Statements,CREATE TABLE,CREATE TABLE,SQL,40,654,0,0,0
332fb598-8008-4bf0-bdad-189f92dd9d6b,Table Statements,CREATE TABLE,CREATE TABLE,BTEQ,1,10,0,0,0
332fb598-8008-4bf0-bdad-189f92dd9d6b,Data Definition Statements,CREATE VOLATILE TABLE,CREATE TABLE,SQL,1,1,0,0,0
332fb598-8008-4bf0-bdad-189f92dd9d6b,Procedure Statements,CURSOR DECLARE,CREATE / REPLACE PROCEDURE,,8,12,0,0,0
332fb598-8008-4bf0-bdad-189f92dd9d6b,Data Type,DATE,CREATE / REPLACE VIEW,SQL,1,0,1,0,0
332fb598-8008-4bf0-bdad-189f92dd9d6b,Data Type,DATE,CREATE TABLE,SQL,26,0,26,0,0
332fb598-8008-4bf0-bdad-189f92dd9d6b,Uncategorized,DECIMAL,CREATE TABLE,SQL,2,2,0,0,0
332fb598-8008-4bf0-bdad-189f92dd9d6b,Procedure Statements,DECLARE CONDITION HANDLER,CREATE / REPLACE PROCEDURE,,1,4,0,0,0
332fb598-8008-4bf0-bdad-189f92dd9d6b,Data Manipulation Language Statement,DELETE,CREATE MACRO,,1,4,0,0,0
332fb598-8008-4bf0-bdad-189f92dd9d6b,Data Manipulation Language Statements,DESC,CREATE TABLE,SQL,1,0,1,0,0
332fb598-8008-4bf0-bdad-189f92dd9d6b,Data Manipulation Language Statements,DESC,CREATE / REPLACE VIEW,SQL,1,0,1,0,0
332fb598-8008-4bf0-bdad-189f92dd9d6b,Data Definition Statements,DROP TABLE,Not specified,BTEQ,3,3,0,0,0
332fb598-8008-4bf0-bdad-189f92dd9d6b,Procedure Statements,DYNAMIC RESULT SETS,CREATE / REPLACE PROCEDURE,SQL,3,0,3,0,0
332fb598-8008-4bf0-bdad-189f92dd9d6b,BTEQ Sequence Controls,ERRORLEVEL,ERRORLEVEL,BTEQ,6,6,0,0,0
332fb598-8008-4bf0-bdad-189f92dd9d6b,BTEQ Sequence Controls,EXIT or QUIT,EXIT or QUIT,BTEQ,4,4,0,0,0
332fb598-8008-4bf0-bdad-189f92dd9d6b,Function,EXTRACT,CREATE TABLE,SQL,1,0,1,0,0
332fb598-8008-4bf0-bdad-189f92dd9d6b,Procedure Statements,FETCH INTO,CREATE / REPLACE PROCEDURE,,11,11,0,0,0
332fb598-8008-4bf0-bdad-189f92dd9d6b,Attribute Functions,FORMAT,CREATE TABLE,SQL,26,26,0,0,0
332fb598-8008-4bf0-bdad-189f92dd9d6b,"SELECT statement syntax, options, clauses, modifiers",FROM,CREATE / REPLACE VIEW,SQL,14,21,0,0,0
332fb598-8008-4bf0-bdad-189f92dd9d6b,"SELECT statement syntax, options, clauses, modifiers",FROM,SELECT,BTEQ,1,1,0,0,0
332fb598-8008-4bf0-bdad-189f92dd9d6b,"SELECT statement syntax, options, clauses, modifiers",FROM,CREATE TABLE,SQL,2,4,0,0,0
332fb598-8008-4bf0-bdad-189f92dd9d6b,"SELECT statement syntax, options, clauses, modifiers",FROM,SELECT,SQL,1,1,0,0,0
332fb598-8008-4bf0-bdad-189f92dd9d6b,BTEQ Sequence Controls,GOTO,IF,BTEQ,4,4,0,0,0
332fb598-8008-4bf0-bdad-189f92dd9d6b,"SELECT statement syntax, options, clauses, modifiers",GROUP BY,CREATE / REPLACE VIEW,SQL,1,5,0,0,0
332fb598-8008-4bf0-bdad-189f92dd9d6b,BTEQ Sequence Controls,IF,IF,BTEQ,8,8,0,0,0
332fb598-8008-4bf0-bdad-189f92dd9d6b,Uncategorized,IN,CREATE TABLE,SQL,6,0,6,0,0
332fb598-8008-4bf0-bdad-189f92dd9d6b,Uncategorized,IN,CREATE / REPLACE VIEW,SQL,1,0,1,0,0
332fb598-8008-4bf0-bdad-189f92dd9d6b,Uncategorized,IN,CREATE / REPLACE PROCEDURE,,4,4,0,0,0
332fb598-8008-4bf0-bdad-189f92dd9d6b,Data Manipulation Language Statement,INSERT,INSERT,BTEQ,3,3,0,0,0
332fb598-8008-4bf0-bdad-189f92dd9d6b,Data Manipulation Language Statement,INSERT,CREATE / REPLACE PROCEDURE,,1,1,0,0,0
332fb598-8008-4bf0-bdad-189f92dd9d6b,Uncategorized,INTEGER,CREATE / REPLACE PROCEDURE,SQL,6,6,0,0,0
332fb598-8008-4bf0-bdad-189f92dd9d6b,Uncategorized,INTEGER,CREATE TABLE,SQL,90,90,0,0,0
332fb598-8008-4bf0-bdad-189f92dd9d6b,Uncategorized,INTEGER,CREATE TABLE,BTEQ,1,1,0,0,0
332fb598-8008-4bf0-bdad-189f92dd9d6b,Function,INTERVAL,CREATE / REPLACE VIEW,SQL,2,12,0,0,0
332fb598-8008-4bf0-bdad-189f92dd9d6b,Data Type,INTERVAL DAY,CREATE TABLE,SQL,1,1,0,0,0
332fb598-8008-4bf0-bdad-189f92dd9d6b,Data Type,INTERVAL DAY,CREATE / REPLACE VIEW,SQL,1,0,1,0,0
332fb598-8008-4bf0-bdad-189f92dd9d6b,Data Type,INTERVAL DAY TO HOUR,CREATE TABLE,SQL,1,1,0,0,0
332fb598-8008-4bf0-bdad-189f92dd9d6b,Data Type,INTERVAL DAY TO MINUTE,CREATE TABLE,SQL,1,1,0,0,0
332fb598-8008-4bf0-bdad-189f92dd9d6b,Data Type,INTERVAL DAY TO SECOND,CREATE TABLE,SQL,1,1,0,0,0
332fb598-8008-4bf0-bdad-189f92dd9d6b,Data Type,INTERVAL HOUR,CREATE TABLE,SQL,2,2,0,0,0
332fb598-8008-4bf0-bdad-189f92dd9d6b,Data Type,INTERVAL HOUR TO MINUTE,CREATE TABLE,SQL,1,1,0,0,0
332fb598-8008-4bf0-bdad-189f92dd9d6b,Data Type,INTERVAL HOUR TO MINUTE,CREATE / REPLACE VIEW,SQL,1,0,1,0,0
332fb598-8008-4bf0-bdad-189f92dd9d6b,Data Type,INTERVAL HOUR TO SECOND,CREATE TABLE,SQL,1,1,0,0,0
332fb598-8008-4bf0-bdad-189f92dd9d6b,Data Type,INTERVAL HOUR TO SECOND,CREATE / REPLACE VIEW,SQL,1,0,1,0,0
332fb598-8008-4bf0-bdad-189f92dd9d6b,Data Type,INTERVAL MINUTE,CREATE TABLE,SQL,1,1,0,0,0
332fb598-8008-4bf0-bdad-189f92dd9d6b,Data Type,INTERVAL MINUTE TO SECOND,CREATE TABLE,SQL,1,1,0,0,0
332fb598-8008-4bf0-bdad-189f92dd9d6b,Data Type,INTERVAL MONTH,CREATE / REPLACE VIEW,SQL,1,0,1,0,0
332fb598-8008-4bf0-bdad-189f92dd9d6b,Data Type,INTERVAL MONTH,CREATE TABLE,SQL,2,2,0,0,0
332fb598-8008-4bf0-bdad-189f92dd9d6b,Data Type,INTERVAL SECOND,CREATE TABLE,SQL,1,1,0,0,0
332fb598-8008-4bf0-bdad-189f92dd9d6b,Data Type,INTERVAL YEAR,CREATE / REPLACE VIEW,SQL,1,0,1,0,0
332fb598-8008-4bf0-bdad-189f92dd9d6b,Data Type,INTERVAL YEAR,CREATE TABLE,SQL,2,2,0,0,0
332fb598-8008-4bf0-bdad-189f92dd9d6b,Data Type,INTERVAL YEAR TO MONTH,CREATE TABLE,SQL,1,1,0,0,0
332fb598-8008-4bf0-bdad-189f92dd9d6b,Logical Predicates,IS NULL / IS NOT NULL,CREATE / REPLACE PROCEDURE,,4,4,0,0,0
332fb598-8008-4bf0-bdad-189f92dd9d6b,Logical Predicates,IS NULL / IS NOT NULL,CREATE / REPLACE VIEW,SQL,1,3,0,0,0
332fb598-8008-4bf0-bdad-189f92dd9d6b,"SELECT statement syntax, options, clauses, modifiers",JOIN,CREATE / REPLACE VIEW,SQL,1,0,3,0,0
332fb598-8008-4bf0-bdad-189f92dd9d6b,BTEQ Sequence Controls,LABEL,LABEL,BTEQ,5,5,0,0,0
332fb598-8008-4bf0-bdad-189f92dd9d6b,BTEQ Sequence Controls,LABEL,Not specified,BTEQ,4,4,0,0,0
332fb598-8008-4bf0-bdad-189f92dd9d6b,Data Manipulation Language Statements,LOCK TABLE,CREATE / REPLACE VIEW,SQL,2,2,0,0,0
332fb598-8008-4bf0-bdad-189f92dd9d6b,Data Definition Statements,MERGEBLOCKRATIO,CREATE TABLE,BTEQ,1,1,0,0,0
332fb598-8008-4bf0-bdad-189f92dd9d6b,Data Definition Statements,MERGEBLOCKRATIO,CREATE TABLE,SQL,36,36,0,0,0
332fb598-8008-4bf0-bdad-189f92dd9d6b,"SELECT statement syntax, options, clauses, modifiers",NAMED,CREATE TABLE,SQL,1,0,1,0,0
332fb598-8008-4bf0-bdad-189f92dd9d6b,Data Definition Statements,NO AFTER JOURNAL,CREATE TABLE,BTEQ,1,1,0,0,0
332fb598-8008-4bf0-bdad-189f92dd9d6b,Data Definition Statements,NO AFTER JOURNAL,CREATE TABLE,SQL,36,36,0,0,0
332fb598-8008-4bf0-bdad-189f92dd9d6b,Data Definition Statements,NO BEFORE JOURNAL,CREATE TABLE,SQL,36,36,0,0,0
332fb598-8008-4bf0-bdad-189f92dd9d6b,Data Definition Statements,NO BEFORE JOURNAL,CREATE TABLE,BTEQ,1,1,0,0,0
332fb598-8008-4bf0-bdad-189f92dd9d6b,Data Definition Statements,NO FALLBACK,CREATE TABLE,BTEQ,1,1,0,0,0
332fb598-8008-4bf0-bdad-189f92dd9d6b,Data Definition Statements,NO FALLBACK,CREATE TABLE,SQL,36,36,0,0,0
332fb598-8008-4bf0-bdad-189f92dd9d6b,Data Definition Statements,NOT NULL,CREATE MACRO,SQL,4,4,0,0,0
332fb598-8008-4bf0-bdad-189f92dd9d6b,Data Definition Statements,NOT NULL,CREATE TABLE,SQL,127,127,0,0,0
332fb598-8008-4bf0-bdad-189f92dd9d6b,Table Statements,PARTITION BY,CREATE TABLE,SQL,3,3,0,0,0
332fb598-8008-4bf0-bdad-189f92dd9d6b,Data Type,PERIOD,CREATE TABLE,SQL,4,4,0,0,0
332fb598-8008-4bf0-bdad-189f92dd9d6b,Data Type,PERIOD,CREATE / REPLACE VIEW,SQL,2,0,3,0,0
332fb598-8008-4bf0-bdad-189f92dd9d6b,Procedure Statements,PREPARE FROM,CREATE / REPLACE PROCEDURE,,3,3,0,0,0
332fb598-8008-4bf0-bdad-189f92dd9d6b,Data Definition Statements,PRIMARY INDEX,CREATE TABLE,SQL,12,0,12,0,0
332fb598-8008-4bf0-bdad-189f92dd9d6b,Data Definition Statements,PRIMARY KEY,CREATE TABLE,SQL,23,23,0,0,0
332fb598-8008-4bf0-bdad-189f92dd9d6b,Function,RANK,CREATE / REPLACE VIEW,SQL,1,1,0,0,0
332fb598-8008-4bf0-bdad-189f92dd9d6b,Function,RANK,CREATE TABLE,SQL,1,1,0,0,0
332fb598-8008-4bf0-bdad-189f92dd9d6b,Function,ROUND,CREATE / REPLACE VIEW,SQL,4,4,0,0,0
332fb598-8008-4bf0-bdad-189f92dd9d6b,Data Manipulation Language Statement,SELECT,CREATE MACRO,,1,1,0,0,0
332fb598-8008-4bf0-bdad-189f92dd9d6b,Data Manipulation Language Statement,SELECT,CREATE / REPLACE PROCEDURE,,2,2,0,0,0
332fb598-8008-4bf0-bdad-189f92dd9d6b,Data Manipulation Language Statement,SELECT,SELECT,SQL,2,2,0,0,0
332fb598-8008-4bf0-bdad-189f92dd9d6b,"SELECT statement syntax, options, clauses, modifiers",SELECT,CREATE TABLE,SQL,2,11,0,0,0
332fb598-8008-4bf0-bdad-189f92dd9d6b,"SELECT statement syntax, options, clauses, modifiers",SELECT,CREATE / REPLACE VIEW,SQL,15,107,0,0,0
332fb598-8008-4bf0-bdad-189f92dd9d6b,Data Manipulation Language Statement,SELECT,SELECT,BTEQ,2,2,0,0,0
332fb598-8008-4bf0-bdad-189f92dd9d6b,Procedure Statements,SET,CREATE / REPLACE PROCEDURE,,36,40,0,0,0
332fb598-8008-4bf0-bdad-189f92dd9d6b,Uncategorized,SMALLINT,CREATE MACRO,SQL,2,2,0,0,0
332fb598-8008-4bf0-bdad-189f92dd9d6b,Uncategorized,SMALLINT,CREATE TABLE,SQL,22,22,0,0,0
332fb598-8008-4bf0-bdad-189f92dd9d6b,Uncategorized,SqlAnd,CREATE / REPLACE VIEW,SQL,1,0,2,0,0
332fb598-8008-4bf0-bdad-189f92dd9d6b,Uncategorized,SqlArgument,CREATE / REPLACE VIEW,SQL,42,0,50,0,0
332fb598-8008-4bf0-bdad-189f92dd9d6b,Uncategorized,SqlArgument,Not specified,SQL,1,0,1,0,0
332fb598-8008-4bf0-bdad-189f92dd9d6b,Uncategorized,SqlArgument,CREATE TABLE,SQL,1,0,1,0,0
332fb598-8008-4bf0-bdad-189f92dd9d6b,Uncategorized,SqlArgumentList,Not specified,SQL,1,0,1,0,0
332fb598-8008-4bf0-bdad-189f92dd9d6b,Uncategorized,SqlArgumentList,CREATE / REPLACE VIEW,SQL,33,0,48,0,0
332fb598-8008-4bf0-bdad-189f92dd9d6b,Uncategorized,SqlArgumentList,CREATE TABLE,SQL,2,0,2,0,0
332fb598-8008-4bf0-bdad-189f92dd9d6b,Uncategorized,SqlAsCorrelationName,CREATE TABLE,SQL,2,0,2,0,0
332fb598-8008-4bf0-bdad-189f92dd9d6b,Uncategorized,SqlAsCorrelationName,CREATE / REPLACE VIEW,SQL,5,0,5,0,0
332fb598-8008-4bf0-bdad-189f92dd9d6b,Uncategorized,SqlAsSubqueryClause,CREATE TABLE,SQL,2,18,0,0,0
332fb598-8008-4bf0-bdad-189f92dd9d6b,Uncategorized,SqlCastOperand,CREATE / REPLACE VIEW,SQL,9,9,0,0,0
332fb598-8008-4bf0-bdad-189f92dd9d6b,Uncategorized,SqlCastSpecification,CREATE / REPLACE VIEW,SQL,9,8,6,0,0
332fb598-8008-4bf0-bdad-189f92dd9d6b,Uncategorized,SqlCheckBody,CREATE TABLE,SQL,6,0,6,0,0
332fb598-8008-4bf0-bdad-189f92dd9d6b,Uncategorized,SqlColumnDefinition,CREATE TABLE,SQL,353,412,0,0,0
332fb598-8008-4bf0-bdad-189f92dd9d6b,Uncategorized,SqlColumnDefinition,CREATE TABLE,BTEQ,3,3,0,0,0
332fb598-8008-4bf0-bdad-189f92dd9d6b,Uncategorized,SqlColumnNameElement,CREATE TABLE,SQL,24,0,24,0,0
332fb598-8008-4bf0-bdad-189f92dd9d6b,Uncategorized,SqlColumnNameList,CREATE / REPLACE VIEW,SQL,1,0,1,0,0
332fb598-8008-4bf0-bdad-189f92dd9d6b,Uncategorized,SqlCompositeArgument,CREATE TABLE,SQL,1,0,1,0,0
332fb598-8008-4bf0-bdad-189f92dd9d6b,Uncategorized,SqlCompoundStat,CREATE / REPLACE PROCEDURE,,9,186,0,0,0
332fb598-8008-4bf0-bdad-189f92dd9d6b,Uncategorized,SqlCreateTableOnCommit,CREATE TABLE,SQL,1,1,0,0,0
332fb598-8008-4bf0-bdad-189f92dd9d6b,Uncategorized,SqlDataTypeSize,CREATE / REPLACE PROCEDURE,SQL,3,0,3,0,0
332fb598-8008-4bf0-bdad-189f92dd9d6b,Uncategorized,SqlDataTypeSize,CREATE TABLE,BTEQ,1,0,1,0,0
332fb598-8008-4bf0-bdad-189f92dd9d6b,Uncategorized,SqlDataTypeSize,CREATE / REPLACE VIEW,SQL,7,0,7,0,0
332fb598-8008-4bf0-bdad-189f92dd9d6b,Uncategorized,SqlDataTypeSize,CREATE TABLE,SQL,186,0,186,0,0
332fb598-8008-4bf0-bdad-189f92dd9d6b,Uncategorized,SqlDateLiteral,CREATE / REPLACE VIEW,SQL,6,0,6,0,0
332fb598-8008-4bf0-bdad-189f92dd9d6b,Uncategorized,SqlDateTimeType,CREATE TABLE,SQL,29,0,29,0,0
332fb598-8008-4bf0-bdad-189f92dd9d6b,Uncategorized,SqlDateTimeType,CREATE / REPLACE VIEW,SQL,2,0,1,0,0
332fb598-8008-4bf0-bdad-189f92dd9d6b,Uncategorized,SqlDay,CREATE / REPLACE VIEW,SQL,2,0,2,0,0
332fb598-8008-4bf0-bdad-189f92dd9d6b,Uncategorized,SqlDay,CREATE TABLE,SQL,4,0,4,0,0
332fb598-8008-4bf0-bdad-189f92dd9d6b,Uncategorized,SqlDeclareStatement,CREATE / REPLACE PROCEDURE,,15,15,0,0,0
332fb598-8008-4bf0-bdad-189f92dd9d6b,Uncategorized,SqlDifferent,CREATE / REPLACE PROCEDURE,,2,2,0,0,0
332fb598-8008-4bf0-bdad-189f92dd9d6b,Uncategorized,SqlDotName,CREATE MACRO,SQL,1,1,0,0,0
332fb598-8008-4bf0-bdad-189f92dd9d6b,Uncategorized,SqlDotName,CREATE / REPLACE PROCEDURE,SQL,4,4,0,0,0
332fb598-8008-4bf0-bdad-189f92dd9d6b,Uncategorized,SqlDotName,CREATE TABLE,SQL,52,40,12,0,0
332fb598-8008-4bf0-bdad-189f92dd9d6b,Uncategorized,SqlDotName,CREATE / REPLACE VIEW,SQL,27,12,15,0,0
332fb598-8008-4bf0-bdad-189f92dd9d6b,Uncategorized,SqlDotName,SELECT,SQL,1,0,1,0,0
332fb598-8008-4bf0-bdad-189f92dd9d6b,Uncategorized,SqlDotName,Not specified,SQL,1,0,1,0,0
332fb598-8008-4bf0-bdad-189f92dd9d6b,Uncategorized,SqlElse,CREATE / REPLACE PROCEDURE,,3,6,0,0,0
332fb598-8008-4bf0-bdad-189f92dd9d6b,Uncategorized,SqlExprAlias,CREATE / REPLACE VIEW,SQL,36,0,48,0,0
332fb598-8008-4bf0-bdad-189f92dd9d6b,Uncategorized,SqlExprAlias,CREATE TABLE,SQL,3,0,3,0,0
332fb598-8008-4bf0-bdad-189f92dd9d6b,Uncategorized,SqlForStatement,CREATE / REPLACE PROCEDURE,,2,28,0,0,0
332fb598-8008-4bf0-bdad-189f92dd9d6b,Uncategorized,SqlFromExprPostArgument,CREATE TABLE,SQL,1,0,1,0,0
332fb598-8008-4bf0-bdad-189f92dd9d6b,Uncategorized,SqlGroupingExpr,CREATE / REPLACE VIEW,SQL,4,4,0,0,0
332fb598-8008-4bf0-bdad-189f92dd9d6b,Uncategorized,SqlGt,CREATE / REPLACE PROCEDURE,,1,5,0,0,0
332fb598-8008-4bf0-bdad-189f92dd9d6b,Uncategorized,SqlGt,CREATE / REPLACE VIEW,SQL,1,0,5,0,0
332fb598-8008-4bf0-bdad-189f92dd9d6b,Uncategorized,SqlHour,CREATE / REPLACE VIEW,SQL,3,3,0,0,0
332fb598-8008-4bf0-bdad-189f92dd9d6b,Uncategorized,SqlHour,CREATE TABLE,SQL,5,5,0,0,0
332fb598-8008-4bf0-bdad-189f92dd9d6b,Uncategorized,SqlIfStatement,CREATE / REPLACE PROCEDURE,,7,45,0,0,0
332fb598-8008-4bf0-bdad-189f92dd9d6b,Uncategorized,SqlInsertIntoBody,INSERT,BTEQ,3,0,6,0,0
332fb598-8008-4bf0-bdad-189f92dd9d6b,Uncategorized,SqlInsertionTargetName,INSERT,BTEQ,3,0,0,0,0
332fb598-8008-4bf0-bdad-189f92dd9d6b,Uncategorized,SqlInsertStartKeyword,INSERT,BTEQ,3,0,3,0,0
332fb598-8008-4bf0-bdad-189f92dd9d6b,Uncategorized,SqlIntervalFractionalPrecision,CREATE TABLE,SQL,1,0,1,0,0
332fb598-8008-4bf0-bdad-189f92dd9d6b,Uncategorized,SqlIntervalLiteral,CREATE / REPLACE VIEW,SQL,1,1,0,0,0
332fb598-8008-4bf0-bdad-189f92dd9d6b,Uncategorized,SqlIntervalSecond,CREATE TABLE,SQL,1,0,1,0,0
332fb598-8008-4bf0-bdad-189f92dd9d6b,Uncategorized,SqlIntervalStartToEnd,CREATE / REPLACE VIEW,SQL,2,0,2,0,0
332fb598-8008-4bf0-bdad-189f92dd9d6b,Uncategorized,SqlIntervalStartToEnd,CREATE TABLE,SQL,7,0,7,0,0
332fb598-8008-4bf0-bdad-189f92dd9d6b,Uncategorized,SqlJoinedTable,CREATE / REPLACE VIEW,SQL,1,0,4,0,0
332fb598-8008-4bf0-bdad-189f92dd9d6b,Uncategorized,SqlLiteralExpr,CREATE TABLE,SQL,53,0,53,0,0
332fb598-8008-4bf0-bdad-189f92dd9d6b,Uncategorized,SqlLiteralExpr,INSERT,BTEQ,3,0,3,0,0
332fb598-8008-4bf0-bdad-189f92dd9d6b,Uncategorized,SqlLiteralExpr,Not specified,SQL,1,0,1,0,0
332fb598-8008-4bf0-bdad-189f92dd9d6b,Uncategorized,SqlLiteralExpr,CREATE / REPLACE VIEW,SQL,19,0,19,0,0
332fb598-8008-4bf0-bdad-189f92dd9d6b,Uncategorized,SqlLiteralExpr,CREATE / REPLACE PROCEDURE,,15,15,0,0,0
332fb598-8008-4bf0-bdad-189f92dd9d6b,Uncategorized,SqlLiteralPrecision,CREATE / REPLACE VIEW,SQL,7,0,7,0,0
332fb598-8008-4bf0-bdad-189f92dd9d6b,Uncategorized,SqlLiteralPrecision,CREATE / REPLACE PROCEDURE,SQL,3,0,3,0,0
332fb598-8008-4bf0-bdad-189f92dd9d6b,Uncategorized,SqlLiteralPrecision,CREATE TABLE,SQL,206,0,206,0,0
332fb598-8008-4bf0-bdad-189f92dd9d6b,Uncategorized,SqlLiteralPrecision,CREATE TABLE,BTEQ,1,0,1,0,0
332fb598-8008-4bf0-bdad-189f92dd9d6b,Uncategorized,SqlLt,CREATE / REPLACE PROCEDURE,,1,1,0,0,0
332fb598-8008-4bf0-bdad-189f92dd9d6b,Uncategorized,SqlLtEq,CREATE / REPLACE PROCEDURE,,1,1,0,0,0
332fb598-8008-4bf0-bdad-189f92dd9d6b,Uncategorized,SqlLtEq,CREATE / REPLACE VIEW,SQL,1,0,1,0,0
332fb598-8008-4bf0-bdad-189f92dd9d6b,Uncategorized,SqlMinus,CREATE / REPLACE VIEW,SQL,3,3,0,0,0
332fb598-8008-4bf0-bdad-189f92dd9d6b,Uncategorized,SqlMinute,CREATE / REPLACE VIEW,SQL,1,1,0,0,0
332fb598-8008-4bf0-bdad-189f92dd9d6b,Uncategorized,SqlMinute,CREATE TABLE,SQL,4,4,0,0,0
332fb598-8008-4bf0-bdad-189f92dd9d6b,Uncategorized,SqlMonth,CREATE / REPLACE VIEW,SQL,2,2,0,0,0
332fb598-8008-4bf0-bdad-189f92dd9d6b,Uncategorized,SqlMonth,CREATE TABLE,SQL,3,3,0,0,0
332fb598-8008-4bf0-bdad-189f92dd9d6b,Uncategorized,SqlNestedQuery,CREATE / REPLACE VIEW,SQL,1,0,18,0,0
332fb598-8008-4bf0-bdad-189f92dd9d6b,Uncategorized,SqlNonSecondDateField,CREATE TABLE,SQL,8,0,8,0,0
332fb598-8008-4bf0-bdad-189f92dd9d6b,Uncategorized,SqlNonSecondDateField,CREATE / REPLACE VIEW,SQL,6,0,6,0,0
332fb598-8008-4bf0-bdad-189f92dd9d6b,Uncategorized,SqlNonSecondEndField,CREATE / REPLACE VIEW,SQL,1,0,1,0,0
332fb598-8008-4bf0-bdad-189f92dd9d6b,Uncategorized,SqlNonSecondEndField,CREATE TABLE,SQL,4,0,4,0,0
332fb598-8008-4bf0-bdad-189f92dd9d6b,Uncategorized,SqlNotKeyword,CREATE / REPLACE VIEW,SQL,1,0,1,0,0
332fb598-8008-4bf0-bdad-189f92dd9d6b,Uncategorized,SqlNotKeyword,CREATE TABLE,SQL,140,0,140,0,0
332fb598-8008-4bf0-bdad-189f92dd9d6b,Uncategorized,SqlNullPredicatePart2,CREATE / REPLACE VIEW,SQL,1,0,1,0,0
332fb598-8008-4bf0-bdad-189f92dd9d6b,Uncategorized,SqlOnCondition,CREATE / REPLACE VIEW,SQL,1,0,1,0,0
332fb598-8008-4bf0-bdad-189f92dd9d6b,Uncategorized,SqlOpenStatement,CREATE / REPLACE PROCEDURE,,8,8,0,0,0
332fb598-8008-4bf0-bdad-189f92dd9d6b,Uncategorized,SqlOverlapsExpression,CREATE / REPLACE VIEW,SQL,1,2,0,0,0
332fb598-8008-4bf0-bdad-189f92dd9d6b,Uncategorized,SqlParameterList,CREATE / REPLACE PROCEDURE,SQL,7,0,16,0,0
332fb598-8008-4bf0-bdad-189f92dd9d6b,Uncategorized,SqlParenthesizedExpr,CREATE TABLE,SQL,6,0,6,0,0
332fb598-8008-4bf0-bdad-189f92dd9d6b,Uncategorized,SqlParenthesizedExpr,CREATE / REPLACE PROCEDURE,,6,10,0,0,0
332fb598-8008-4bf0-bdad-189f92dd9d6b,Uncategorized,SqlParenthesizedExpr,CREATE / REPLACE VIEW,SQL,1,0,1,0,0
332fb598-8008-4bf0-bdad-189f92dd9d6b,Uncategorized,SqlPlus,CREATE / REPLACE VIEW,SQL,18,0,18,0,0
332fb598-8008-4bf0-bdad-189f92dd9d6b,Uncategorized,SqlPreserveCommitAction,CREATE TABLE,SQL,1,0,1,0,0
332fb598-8008-4bf0-bdad-189f92dd9d6b,Uncategorized,SqlQualifiedNameExpr,CREATE / REPLACE PROCEDURE,,5,5,0,0,0
332fb598-8008-4bf0-bdad-189f92dd9d6b,Uncategorized,SqlQualifiedNameExpr,CREATE TABLE,SQL,2,2,0,0,0
332fb598-8008-4bf0-bdad-189f92dd9d6b,Uncategorized,SqlQualifiedNameExpr,CREATE / REPLACE VIEW,SQL,19,19,0,0,0
332fb598-8008-4bf0-bdad-189f92dd9d6b,Uncategorized,SqlQualify,CREATE TABLE,SQL,1,0,1,0,0
332fb598-8008-4bf0-bdad-189f92dd9d6b,Uncategorized,SqlQualify,CREATE / REPLACE VIEW,SQL,1,0,4,0,0
332fb598-8008-4bf0-bdad-189f92dd9d6b,Uncategorized,SqlRoutineInvocation,Not specified,SQL,1,0,1,0,0
332fb598-8008-4bf0-bdad-189f92dd9d6b,Uncategorized,SqlSecondDateField,CREATE TABLE,SQL,1,0,1,0,0
332fb598-8008-4bf0-bdad-189f92dd9d6b,Uncategorized,SqlSecondEndField,CREATE / REPLACE VIEW,SQL,1,0,1,0,0
332fb598-8008-4bf0-bdad-189f92dd9d6b,Uncategorized,SqlSecondEndField,CREATE TABLE,SQL,3,0,3,0,0
332fb598-8008-4bf0-bdad-189f92dd9d6b,Uncategorized,SqlSetOperationPart,CREATE / REPLACE VIEW,SQL,3,0,30,0,0
332fb598-8008-4bf0-bdad-189f92dd9d6b,Uncategorized,SqlSignedNumericLiteral,CREATE / REPLACE VIEW,SQL,10,0,10,0,0
332fb598-8008-4bf0-bdad-189f92dd9d6b,Uncategorized,SqlSignedNumericLiteral,INSERT,BTEQ,6,0,6,0,0
332fb598-8008-4bf0-bdad-189f92dd9d6b,Uncategorized,SqlSignedNumericLiteral,CREATE / REPLACE PROCEDURE,,29,29,0,0,0
332fb598-8008-4bf0-bdad-189f92dd9d6b,Uncategorized,SqlSignedNumericLiteral,CREATE TABLE,SQL,84,0,84,0,0
332fb598-8008-4bf0-bdad-189f92dd9d6b,Uncategorized,SqlSimpleDataType,CREATE TABLE,BTEQ,1,1,0,0,0
332fb598-8008-4bf0-bdad-189f92dd9d6b,Uncategorized,SqlSimpleDataType,CREATE MACRO,SQL,2,2,0,0,0
332fb598-8008-4bf0-bdad-189f92dd9d6b,Uncategorized,SqlSimpleDataType,CREATE TABLE,SQL,53,53,0,0,0
332fb598-8008-4bf0-bdad-189f92dd9d6b,Uncategorized,SqlSimpleName,CREATE TABLE,BTEQ,4,1,3,0,0
332fb598-8008-4bf0-bdad-189f92dd9d6b,Uncategorized,SqlSimpleName,Not specified,BTEQ,3,3,0,0,0
332fb598-8008-4bf0-bdad-189f92dd9d6b,Uncategorized,SqlSimpleName,CREATE / REPLACE VIEW,SQL,99,0,99,0,0
332fb598-8008-4bf0-bdad-189f92dd9d6b,Uncategorized,SqlSimpleName,SELECT,SQL,2,0,2,0,0
332fb598-8008-4bf0-bdad-189f92dd9d6b,Uncategorized,SqlSimpleName,CREATE TABLE,SQL,501,0,501,0,0
332fb598-8008-4bf0-bdad-189f92dd9d6b,Uncategorized,SqlSimpleName,SELECT,BTEQ,1,0,1,0,0
332fb598-8008-4bf0-bdad-189f92dd9d6b,Uncategorized,SqlSimpleName,CREATE / REPLACE PROCEDURE,SQL,20,12,8,0,0
332fb598-8008-4bf0-bdad-189f92dd9d6b,Uncategorized,SqlSimpleName,INSERT,BTEQ,3,3,0,0,0
332fb598-8008-4bf0-bdad-189f92dd9d6b,Uncategorized,SqlSimpleName,CREATE MACRO,SQL,7,1,6,0,0
332fb598-8008-4bf0-bdad-189f92dd9d6b,Uncategorized,SqlSimpleName,Not specified,SQL,2,0,2,0,0
332fb598-8008-4bf0-bdad-189f92dd9d6b,Uncategorized,SqlSingleNameExpr,CREATE / REPLACE PROCEDURE,,67,67,0,0,0
332fb598-8008-4bf0-bdad-189f92dd9d6b,Uncategorized,SqlSingleNameExpr,CREATE TABLE,SQL,22,0,22,0,0
332fb598-8008-4bf0-bdad-189f92dd9d6b,Uncategorized,SqlSingleNameExpr,SELECT,BTEQ,1,0,1,0,0
332fb598-8008-4bf0-bdad-189f92dd9d6b,Uncategorized,SqlSingleNameExpr,SELECT,SQL,1,0,1,0,0
332fb598-8008-4bf0-bdad-189f92dd9d6b,Uncategorized,SqlSingleNameExpr,CREATE / REPLACE VIEW,SQL,115,0,115,0,0
332fb598-8008-4bf0-bdad-189f92dd9d6b,Uncategorized,SqlStartField,CREATE / REPLACE VIEW,SQL,2,0,2,0,0
332fb598-8008-4bf0-bdad-189f92dd9d6b,Uncategorized,SqlStartField,CREATE TABLE,SQL,7,0,7,0,0
332fb598-8008-4bf0-bdad-189f92dd9d6b,Uncategorized,SqlSubQuery,CREATE TABLE,SQL,2,0,15,0,0
332fb598-8008-4bf0-bdad-189f92dd9d6b,Uncategorized,SqlTableConstraintDefinition,CREATE TABLE,SQL,23,0,23,0,0
332fb598-8008-4bf0-bdad-189f92dd9d6b,Uncategorized,SqlTableElementList,CREATE TABLE,BTEQ,1,0,5,0,0
332fb598-8008-4bf0-bdad-189f92dd9d6b,Uncategorized,SqlTableElementList,CREATE TABLE,SQL,37,0,557,0,0
332fb598-8008-4bf0-bdad-189f92dd9d6b,Uncategorized,SqlTableOrQueryFactor,SELECT,SQL,1,1,0,0,0
332fb598-8008-4bf0-bdad-189f92dd9d6b,Uncategorized,SqlTableOrQueryFactor,CREATE / REPLACE VIEW,SQL,16,16,0,0,0
332fb598-8008-4bf0-bdad-189f92dd9d6b,Uncategorized,SqlTableOrQueryFactor,CREATE TABLE,SQL,3,3,0,0,0
332fb598-8008-4bf0-bdad-189f92dd9d6b,Uncategorized,SqlTableOrQueryFactor,SELECT,BTEQ,1,1,0,0,0
332fb598-8008-4bf0-bdad-189f92dd9d6b,Uncategorized,SqlTimestampLiteral,CREATE / REPLACE VIEW,SQL,14,0,14,0,0
332fb598-8008-4bf0-bdad-189f92dd9d6b,Uncategorized,SqlUniqueConstraintDefinition,CREATE TABLE,SQL,23,0,23,0,0
332fb598-8008-4bf0-bdad-189f92dd9d6b,Uncategorized,SqlWhile,CREATE / REPLACE PROCEDURE,,3,40,0,0,0
332fb598-8008-4bf0-bdad-189f92dd9d6b,Uncategorized,SqlWindowNameOrSpecification,CREATE TABLE,SQL,1,0,1,0,0
332fb598-8008-4bf0-bdad-189f92dd9d6b,Uncategorized,SqlWindowNameOrSpecification,CREATE / REPLACE VIEW,SQL,1,0,4,0,0
332fb598-8008-4bf0-bdad-189f92dd9d6b,Uncategorized,SqlWindowPartitionClause,CREATE TABLE,SQL,1,0,1,0,0
332fb598-8008-4bf0-bdad-189f92dd9d6b,Uncategorized,SqlWindowPartitionClause,CREATE / REPLACE VIEW,SQL,1,0,1,0,0
332fb598-8008-4bf0-bdad-189f92dd9d6b,Uncategorized,SqlWindowSpecification,CREATE TABLE,SQL,1,1,0,0,0
332fb598-8008-4bf0-bdad-189f92dd9d6b,Uncategorized,SqlWindowSpecification,CREATE / REPLACE VIEW,SQL,1,4,0,0,0
332fb598-8008-4bf0-bdad-189f92dd9d6b,Uncategorized,SqlWithOrWithoutData,CREATE TABLE,SQL,3,0,3,0,0
332fb598-8008-4bf0-bdad-189f92dd9d6b,Uncategorized,SqlYear,CREATE / REPLACE VIEW,SQL,1,1,0,0,0
332fb598-8008-4bf0-bdad-189f92dd9d6b,Uncategorized,SqlYear,CREATE TABLE,SQL,3,3,0,0,0
332fb598-8008-4bf0-bdad-189f92dd9d6b,Uncategorized,TdAsClause,CREATE TABLE,SQL,3,0,3,0,0
332fb598-8008-4bf0-bdad-189f92dd9d6b,Uncategorized,TdAsClause,CREATE / REPLACE VIEW,SQL,36,0,36,0,0
332fb598-8008-4bf0-bdad-189f92dd9d6b,Uncategorized,TdAsTableOrViewReference,CREATE TABLE,SQL,1,2,0,0,0
332fb598-8008-4bf0-bdad-189f92dd9d6b,Uncategorized,TdCaseSpecificKeyword,CREATE TABLE,SQL,140,0,140,0,0
332fb598-8008-4bf0-bdad-189f92dd9d6b,Uncategorized,TdCaseSpecificPhrase,CREATE TABLE,SQL,140,0,140,0,0
332fb598-8008-4bf0-bdad-189f92dd9d6b,Uncategorized,TdCast,CREATE TABLE,SQL,1,1,0,0,0
332fb598-8008-4bf0-bdad-189f92dd9d6b,Uncategorized,TdCastArgument,CREATE TABLE,SQL,1,0,1,0,0
332fb598-8008-4bf0-bdad-189f92dd9d6b,Uncategorized,TdCastArgumentByDataAttribute,CREATE TABLE,SQL,1,0,1,0,0
332fb598-8008-4bf0-bdad-189f92dd9d6b,Uncategorized,TdCastTargetType,CREATE / REPLACE VIEW,SQL,7,0,8,0,0
332fb598-8008-4bf0-bdad-189f92dd9d6b,Uncategorized,TdCharacterSetDataTypeAttribute,CREATE TABLE,SQL,140,140,0,0,0
332fb598-8008-4bf0-bdad-189f92dd9d6b,Uncategorized,TdChecksumDefaultIntegrityCheckingOption,CREATE TABLE,BTEQ,1,1,0,0,0
332fb598-8008-4bf0-bdad-189f92dd9d6b,Uncategorized,TdChecksumDefaultIntegrityCheckingOption,CREATE TABLE,SQL,36,36,0,0,0
332fb598-8008-4bf0-bdad-189f92dd9d6b,Uncategorized,TdColumnPartition,CREATE TABLE,SQL,2,0,2,0,0
332fb598-8008-4bf0-bdad-189f92dd9d6b,Uncategorized,TdColumnPartitionDefinition,CREATE TABLE,SQL,2,0,2,0,0
332fb598-8008-4bf0-bdad-189f92dd9d6b,Uncategorized,TdCompressConstant,CREATE TABLE,SQL,116,0,116,0,0
332fb598-8008-4bf0-bdad-189f92dd9d6b,Uncategorized,TdCompressConstantSequence,CREATE TABLE,SQL,21,0,21,0,0
332fb598-8008-4bf0-bdad-189f92dd9d6b,Uncategorized,TdCompressPhrase,CREATE TABLE,SQL,28,0,28,0,0
332fb598-8008-4bf0-bdad-189f92dd9d6b,Uncategorized,TdCompressUsing,CREATE TABLE,SQL,4,0,4,0,0
332fb598-8008-4bf0-bdad-189f92dd9d6b,Uncategorized,TdCompressUsingColumnConstraint,CREATE TABLE,SQL,4,4,0,0,0
332fb598-8008-4bf0-bdad-189f92dd9d6b,Uncategorized,TdCreateTableOptionScope,CREATE TABLE,SQL,36,0,0,0,0
332fb598-8008-4bf0-bdad-189f92dd9d6b,Uncategorized,TdCreateTableOptionScope,CREATE TABLE,BTEQ,1,0,0,0,0
332fb598-8008-4bf0-bdad-189f92dd9d6b,Uncategorized,TdCreateTableStart,CREATE TABLE,SQL,40,0,41,0,0
332fb598-8008-4bf0-bdad-189f92dd9d6b,Uncategorized,TdCreateTableStart,CREATE TABLE,BTEQ,1,0,1,0,0
332fb598-8008-4bf0-bdad-189f92dd9d6b,Uncategorized,TdDateCastTarget,CREATE / REPLACE VIEW,SQL,2,0,0,0,0
332fb598-8008-4bf0-bdad-189f92dd9d6b,Uncategorized,TdDecompressUsing,CREATE TABLE,SQL,4,0,4,0,0
332fb598-8008-4bf0-bdad-189f92dd9d6b,Uncategorized,TdExpressionSequence,INSERT,BTEQ,3,0,3,0,0
332fb598-8008-4bf0-bdad-189f92dd9d6b,Uncategorized,TdHandlerSingleStatement,CREATE / REPLACE PROCEDURE,,1,3,0,0,0
332fb598-8008-4bf0-bdad-189f92dd9d6b,Uncategorized,TdIndexDefinitionOrPartitionOption,CREATE TABLE,SQL,15,0,15,0,0
332fb598-8008-4bf0-bdad-189f92dd9d6b,Uncategorized,TdInsertValuesSequence,INSERT,BTEQ,3,0,3,0,0
332fb598-8008-4bf0-bdad-189f92dd9d6b,Uncategorized,TdIntervalQualifierPostFunction,CREATE / REPLACE VIEW,SQL,2,0,2,0,0
332fb598-8008-4bf0-bdad-189f92dd9d6b,Uncategorized,TdLdiffKeyword,CREATE / REPLACE VIEW,SQL,1,0,1,0,0
332fb598-8008-4bf0-bdad-189f92dd9d6b,Uncategorized,TdLockingForPreposition,CREATE / REPLACE VIEW,SQL,2,0,2,0,0
332fb598-8008-4bf0-bdad-189f92dd9d6b,Uncategorized,TdLockingKeyword,CREATE / REPLACE VIEW,SQL,2,0,2,0,0
332fb598-8008-4bf0-bdad-189f92dd9d6b,Uncategorized,TdLockingRowConfig,CREATE / REPLACE VIEW,SQL,2,0,2,0,0
332fb598-8008-4bf0-bdad-189f92dd9d6b,Uncategorized,TdMacroArgument,CREATE MACRO,SQL,4,4,0,0,0
332fb598-8008-4bf0-bdad-189f92dd9d6b,Uncategorized,TdMacroArgumentAttributes,CREATE MACRO,SQL,4,0,4,0,0
332fb598-8008-4bf0-bdad-189f92dd9d6b,Uncategorized,TdMacroColumns,CREATE MACRO,SQL,2,0,6,0,0
332fb598-8008-4bf0-bdad-189f92dd9d6b,Uncategorized,TdMultipleColumns,CREATE TABLE,SQL,12,0,12,0,0
332fb598-8008-4bf0-bdad-189f92dd9d6b,Uncategorized,TdNotCaseSpecificColumnConstraint,CREATE TABLE,SQL,140,140,0,0,0
332fb598-8008-4bf0-bdad-189f92dd9d6b,Uncategorized,TdOptions,CREATE TABLE,BTEQ,1,5,0,0,0
332fb598-8008-4bf0-bdad-189f92dd9d6b,Uncategorized,TdOptions,CREATE TABLE,SQL,37,182,0,0,0
332fb598-8008-4bf0-bdad-189f92dd9d6b,Uncategorized,TdParameterDeclaration,CREATE / REPLACE PROCEDURE,SQL,9,1,0,0,0
332fb598-8008-4bf0-bdad-189f92dd9d6b,Uncategorized,TdPartitionByColumnExpr,CREATE TABLE,SQL,2,0,2,0,0
332fb598-8008-4bf0-bdad-189f92dd9d6b,Uncategorized,TdPartitionByExpr,CREATE TABLE,SQL,1,0,1,0,0
332fb598-8008-4bf0-bdad-189f92dd9d6b,Uncategorized,TdPeriodDiffFunctionExpr,CREATE / REPLACE VIEW,SQL,2,4,0,0,0
332fb598-8008-4bf0-bdad-189f92dd9d6b,Uncategorized,TdProcedureParameterCharacterSetAttribute,CREATE / REPLACE PROCEDURE,SQL,1,0,1,0,0
332fb598-8008-4bf0-bdad-189f92dd9d6b,Uncategorized,TdRdiffKeyword,CREATE / REPLACE VIEW,SQL,1,0,1,0,0
332fb598-8008-4bf0-bdad-189f92dd9d6b,Uncategorized,TdReplaceMacroStart,CREATE MACRO,SQL,2,0,2,0,0
332fb598-8008-4bf0-bdad-189f92dd9d6b,Uncategorized,TdReplaceProcedureStart,CREATE / REPLACE PROCEDURE,SQL,7,0,7,0,0
332fb598-8008-4bf0-bdad-189f92dd9d6b,Uncategorized,TdReplaceViewStart,CREATE / REPLACE VIEW,SQL,12,0,12,0,0
332fb598-8008-4bf0-bdad-189f92dd9d6b,Uncategorized,TdsBinaryOperation,IF,BTEQ,4,4,0,0,0
332fb598-8008-4bf0-bdad-189f92dd9d6b,Uncategorized,TdsErrorCodeStatusCode,EXIT or QUIT,BTEQ,1,1,0,0,0
332fb598-8008-4bf0-bdad-189f92dd9d6b,Uncategorized,TdsErrorLevelStatusCode,IF,BTEQ,4,4,0,0,0
332fb598-8008-4bf0-bdad-189f92dd9d6b,Uncategorized,TdServerCharacterSet,CREATE / REPLACE PROCEDURE,SQL,1,0,1,0,0
332fb598-8008-4bf0-bdad-189f92dd9d6b,Uncategorized,TdServerCharacterSet,CREATE TABLE,SQL,140,0,140,0,0
332fb598-8008-4bf0-bdad-189f92dd9d6b,Uncategorized,TdSingleColumnPartitioning,CREATE TABLE,SQL,2,0,2,0,0
332fb598-8008-4bf0-bdad-189f92dd9d6b,Uncategorized,TdsLiteralExpr,IF,BTEQ,4,4,0,0,0
332fb598-8008-4bf0-bdad-189f92dd9d6b,Uncategorized,TdsSql,TdsSql,BTEQ,14,14,0,0,0
332fb598-8008-4bf0-bdad-189f92dd9d6b,Uncategorized,TdsSql,Not specified,BTEQ,1,10,0,0,0
332fb598-8008-4bf0-bdad-189f92dd9d6b,Uncategorized,TdsStatementSColon,Not specified,BTEQ,17,26,0,0,0
332fb598-8008-4bf0-bdad-189f92dd9d6b,Uncategorized,TdsStatementSColon,IF,BTEQ,4,4,0,0,0
332fb598-8008-4bf0-bdad-189f92dd9d6b,Uncategorized,TdsUnit,Not specified,BTEQ,1,30,0,0,0
332fb598-8008-4bf0-bdad-189f92dd9d6b,Uncategorized,TdTableJournalNoModifierOption,CREATE TABLE,BTEQ,2,2,0,0,0
332fb598-8008-4bf0-bdad-189f92dd9d6b,Uncategorized,TdTableJournalNoModifierOption,CREATE TABLE,SQL,72,72,0,0,0
332fb598-8008-4bf0-bdad-189f92dd9d6b,Uncategorized,TdTableLogOption,CREATE TABLE,SQL,1,1,0,0,0
332fb598-8008-4bf0-bdad-189f92dd9d6b,Uncategorized,TdTableOptionDefaultModifier,CREATE TABLE,BTEQ,1,1,0,0,0
332fb598-8008-4bf0-bdad-189f92dd9d6b,Uncategorized,TdTableOptionDefaultModifier,CREATE TABLE,SQL,36,36,0,0,0
332fb598-8008-4bf0-bdad-189f92dd9d6b,Uncategorized,TdViewQuery,CREATE / REPLACE VIEW,SQL,12,0,116,0,0
332fb598-8008-4bf0-bdad-189f92dd9d6b,Uncategorized,TdWindowOrderBy,CREATE / REPLACE VIEW,SQL,1,0,1,0,0
332fb598-8008-4bf0-bdad-189f92dd9d6b,Uncategorized,TdWindowOrderBy,CREATE TABLE,SQL,1,0,1,0,0
332fb598-8008-4bf0-bdad-189f92dd9d6b,Uncategorized,TdWindowUDF,CREATE / REPLACE VIEW,SQL,1,0,4,0,0
332fb598-8008-4bf0-bdad-189f92dd9d6b,Uncategorized,TdWindowUDF,CREATE TABLE,SQL,1,0,1,0,0
332fb598-8008-4bf0-bdad-189f92dd9d6b,Data Type,TIMESTAMP WITH TIME ZONE,CREATE / REPLACE VIEW,SQL,3,3,0,0,0
332fb598-8008-4bf0-bdad-189f92dd9d6b,Data Type,TIMESTAMP WITH TIME ZONE,CREATE TABLE,SQL,3,3,0,0,0
332fb598-8008-4bf0-bdad-189f92dd9d6b,Data Definition Statements,TITLE,CREATE TABLE,SQL,7,7,0,0,0
332fb598-8008-4bf0-bdad-189f92dd9d6b,Data Type Conversion Functions,TO_DATE,CREATE / REPLACE VIEW,SQL,7,7,0,0,0
332fb598-8008-4bf0-bdad-189f92dd9d6b,Arithmetic Operators and Functions,TRUNC,CREATE / REPLACE VIEW,SQL,6,6,0,0,0
332fb598-8008-4bf0-bdad-189f92dd9d6b,Set Operators,UNION,CREATE / REPLACE VIEW,SQL,3,3,0,0,0
332fb598-8008-4bf0-bdad-189f92dd9d6b,Uncategorized,VARCHAR,CREATE TABLE,BTEQ,1,1,0,0,0
332fb598-8008-4bf0-bdad-189f92dd9d6b,Uncategorized,VARCHAR,CREATE / REPLACE PROCEDURE,SQL,3,3,0,0,0
332fb598-8008-4bf0-bdad-189f92dd9d6b,Uncategorized,VARCHAR,CREATE TABLE,SQL,126,126,0,0,0
332fb598-8008-4bf0-bdad-189f92dd9d6b,"SELECT statement syntax, options, clauses, modifiers",WHERE,CREATE / REPLACE VIEW,SQL,6,19,0,0,0
332fb598-8008-4bf0-bdad-189f92dd9d6b,"SELECT statement syntax, options, clauses, modifiers",WHERE,CREATE TABLE,SQL,1,1,0,0,0
